10000000000,12345,a0
10000000001,12345,a1
10000000002,12345,a2
10000000003,12345,a3
10000000004,12345,a4
10000000005,12345,a5
10000000006,12345,a6
10000000007,12345,a7
10000000008,12345,a8
10000000009,12345,a9
10000000010,12345,a10
10000000011,12345,a11
10000000012,12345,a12
10000000013,12345,a13
10000000014,12345,a14
10000000015,12345,a15
10000000016,12345,a16
10000000017,12345,a17
10000000018,12345,a18
10000000019,12345,a19
10000000020,12345,a20
10000000021,12345,a21
10000000022,12345,a22
10000000023,12345,a23
10000000024,12345,a24
10000000025,12345,a25
10000000026,12345,a26
10000000027,12345,a27
10000000028,12345,a28
10000000029,12345,a29
10000000030,12345,a30
10000000031,12345,a31
10000000032,12345,a32
10000000033,12345,a33
10000000034,12345,a34
10000000035,12345,a35
10000000036,12345,a36
10000000037,12345,a37
10000000038,12345,a38
10000000039,12345,a39
10000000040,12345,a40
10000000041,12345,a41
10000000042,12345,a42
10000000043,12345,a43
10000000044,12345,a44
10000000045,12345,a45
10000000046,12345,a46
10000000047,12345,a47
10000000048,12345,a48
10000000049,12345,a49
10000000050,12345,a50
10000000051,12345,a51
10000000052,12345,a52
10000000053,12345,a53
10000000054,12345,a54
10000000055,12345,a55
10000000056,12345,a56
10000000057,12345,a57
10000000058,12345,a58
10000000059,12345,a59
10000000060,12345,a60
10000000061,12345,a61
10000000062,12345,a62
10000000063,12345,a63
10000000064,12345,a64
10000000065,12345,a65
10000000066,12345,a66
10000000067,12345,a67
10000000068,12345,a68
10000000069,12345,a69
10000000070,12345,a70
10000000071,12345,a71
10000000072,12345,a72
10000000073,12345,a73
10000000074,12345,a74
10000000075,12345,a75
10000000076,12345,a76
10000000077,12345,a77
10000000078,12345,a78
10000000079,12345,a79
10000000080,12345,a80
10000000081,12345,a81
10000000082,12345,a82
10000000083,12345,a83
10000000084,12345,a84
10000000085,12345,a85
10000000086,12345,a86
10000000087,12345,a87
10000000088,12345,a88
10000000089,12345,a89
10000000090,12345,a90
10000000091,12345,a91
10000000092,12345,a92
10000000093,12345,a93
10000000094,12345,a94
10000000095,12345,a95
10000000096,12345,a96
10000000097,12345,a97
10000000098,12345,a98
10000000099,12345,a99
10000000100,12345,a100
10000000101,12345,a101
10000000102,12345,a102
10000000103,12345,a103
10000000104,12345,a104
10000000105,12345,a105
10000000106,12345,a106
10000000107,12345,a107
10000000108,12345,a108
10000000109,12345,a109
10000000110,12345,a110
10000000111,12345,a111
10000000112,12345,a112
10000000113,12345,a113
10000000114,12345,a114
10000000115,12345,a115
10000000116,12345,a116
10000000117,12345,a117
10000000118,12345,a118
10000000119,12345,a119
10000000120,12345,a120
10000000121,12345,a121
10000000122,12345,a122
10000000123,12345,a123
10000000124,12345,a124
10000000125,12345,a125
10000000126,12345,a126
10000000127,12345,a127
10000000128,12345,a128
10000000129,12345,a129
10000000130,12345,a130
10000000131,12345,a131
10000000132,12345,a132
10000000133,12345,a133
10000000134,12345,a134
10000000135,12345,a135
10000000136,12345,a136
10000000137,12345,a137
10000000138,12345,a138
10000000139,12345,a139
10000000140,12345,a140
10000000141,12345,a141
10000000142,12345,a142
10000000143,12345,a143
10000000144,12345,a144
10000000145,12345,a145
10000000146,12345,a146
10000000147,12345,a147
10000000148,12345,a148
10000000149,12345,a149
10000000150,12345,a150
10000000151,12345,a151
10000000152,12345,a152
10000000153,12345,a153
10000000154,12345,a154
10000000155,12345,a155
10000000156,12345,a156
10000000157,12345,a157
10000000158,12345,a158
10000000159,12345,a159
10000000160,12345,a160
10000000161,12345,a161
10000000162,12345,a162
10000000163,12345,a163
10000000164,12345,a164
10000000165,12345,a165
10000000166,12345,a166
10000000167,12345,a167
10000000168,12345,a168
10000000169,12345,a169
10000000170,12345,a170
10000000171,12345,a171
10000000172,12345,a172
10000000173,12345,a173
10000000174,12345,a174
10000000175,12345,a175
10000000176,12345,a176
10000000177,12345,a177
10000000178,12345,a178
10000000179,12345,a179
10000000180,12345,a180
10000000181,12345,a181
10000000182,12345,a182
10000000183,12345,a183
10000000184,12345,a184
10000000185,12345,a185
10000000186,12345,a186
10000000187,12345,a187
10000000188,12345,a188
10000000189,12345,a189
10000000190,12345,a190
10000000191,12345,a191
10000000192,12345,a192
10000000193,12345,a193
10000000194,12345,a194
10000000195,12345,a195
10000000196,12345,a196
10000000197,12345,a197
10000000198,12345,a198
10000000199,12345,a199
10000000200,12345,a200
10000000201,12345,a201
10000000202,12345,a202
10000000203,12345,a203
10000000204,12345,a204
10000000205,12345,a205
10000000206,12345,a206
10000000207,12345,a207
10000000208,12345,a208
10000000209,12345,a209
10000000210,12345,a210
10000000211,12345,a211
10000000212,12345,a212
10000000213,12345,a213
10000000214,12345,a214
10000000215,12345,a215
10000000216,12345,a216
10000000217,12345,a217
10000000218,12345,a218
10000000219,12345,a219
10000000220,12345,a220
10000000221,12345,a221
10000000222,12345,a222
10000000223,12345,a223
10000000224,12345,a224
10000000225,12345,a225
10000000226,12345,a226
10000000227,12345,a227
10000000228,12345,a228
10000000229,12345,a229
10000000230,12345,a230
10000000231,12345,a231
10000000232,12345,a232
10000000233,12345,a233
10000000234,12345,a234
10000000235,12345,a235
10000000236,12345,a236
10000000237,12345,a237
10000000238,12345,a238
10000000239,12345,a239
10000000240,12345,a240
10000000241,12345,a241
10000000242,12345,a242
10000000243,12345,a243
10000000244,12345,a244
10000000245,12345,a245
10000000246,12345,a246
10000000247,12345,a247
10000000248,12345,a248
10000000249,12345,a249
10000000250,12345,a250
10000000251,12345,a251
10000000252,12345,a252
10000000253,12345,a253
10000000254,12345,a254
10000000255,12345,a255
10000000256,12345,a256
10000000257,12345,a257
10000000258,12345,a258
10000000259,12345,a259
10000000260,12345,a260
10000000261,12345,a261
10000000262,12345,a262
10000000263,12345,a263
10000000264,12345,a264
10000000265,12345,a265
10000000266,12345,a266
10000000267,12345,a267
10000000268,12345,a268
10000000269,12345,a269
10000000270,12345,a270
10000000271,12345,a271
10000000272,12345,a272
10000000273,12345,a273
10000000274,12345,a274
10000000275,12345,a275
10000000276,12345,a276
10000000277,12345,a277
10000000278,12345,a278
10000000279,12345,a279
10000000280,12345,a280
10000000281,12345,a281
10000000282,12345,a282
10000000283,12345,a283
10000000284,12345,a284
10000000285,12345,a285
10000000286,12345,a286
10000000287,12345,a287
10000000288,12345,a288
10000000289,12345,a289
10000000290,12345,a290
10000000291,12345,a291
10000000292,12345,a292
10000000293,12345,a293
10000000294,12345,a294
10000000295,12345,a295
10000000296,12345,a296
10000000297,12345,a297
10000000298,12345,a298
10000000299,12345,a299
10000000300,12345,a300
10000000301,12345,a301
10000000302,12345,a302
10000000303,12345,a303
10000000304,12345,a304
10000000305,12345,a305
10000000306,12345,a306
10000000307,12345,a307
10000000308,12345,a308
10000000309,12345,a309
10000000310,12345,a310
10000000311,12345,a311
10000000312,12345,a312
10000000313,12345,a313
10000000314,12345,a314
10000000315,12345,a315
10000000316,12345,a316
10000000317,12345,a317
10000000318,12345,a318
10000000319,12345,a319
10000000320,12345,a320
10000000321,12345,a321
10000000322,12345,a322
10000000323,12345,a323
10000000324,12345,a324
10000000325,12345,a325
10000000326,12345,a326
10000000327,12345,a327
10000000328,12345,a328
10000000329,12345,a329
10000000330,12345,a330
10000000331,12345,a331
10000000332,12345,a332
10000000333,12345,a333
10000000334,12345,a334
10000000335,12345,a335
10000000336,12345,a336
10000000337,12345,a337
10000000338,12345,a338
10000000339,12345,a339
10000000340,12345,a340
10000000341,12345,a341
10000000342,12345,a342
10000000343,12345,a343
10000000344,12345,a344
10000000345,12345,a345
10000000346,12345,a346
10000000347,12345,a347
10000000348,12345,a348
10000000349,12345,a349
10000000350,12345,a350
10000000351,12345,a351
10000000352,12345,a352
10000000353,12345,a353
10000000354,12345,a354
10000000355,12345,a355
10000000356,12345,a356
10000000357,12345,a357
10000000358,12345,a358
10000000359,12345,a359
10000000360,12345,a360
10000000361,12345,a361
10000000362,12345,a362
10000000363,12345,a363
10000000364,12345,a364
10000000365,12345,a365
10000000366,12345,a366
10000000367,12345,a367
10000000368,12345,a368
10000000369,12345,a369
10000000370,12345,a370
10000000371,12345,a371
10000000372,12345,a372
10000000373,12345,a373
10000000374,12345,a374
10000000375,12345,a375
10000000376,12345,a376
10000000377,12345,a377
10000000378,12345,a378
10000000379,12345,a379
10000000380,12345,a380
10000000381,12345,a381
10000000382,12345,a382
10000000383,12345,a383
10000000384,12345,a384
10000000385,12345,a385
10000000386,12345,a386
10000000387,12345,a387
10000000388,12345,a388
10000000389,12345,a389
10000000390,12345,a390
10000000391,12345,a391
10000000392,12345,a392
10000000393,12345,a393
10000000394,12345,a394
10000000395,12345,a395
10000000396,12345,a396
10000000397,12345,a397
10000000398,12345,a398
10000000399,12345,a399
10000000400,12345,a400
10000000401,12345,a401
10000000402,12345,a402
10000000403,12345,a403
10000000404,12345,a404
10000000405,12345,a405
10000000406,12345,a406
10000000407,12345,a407
10000000408,12345,a408
10000000409,12345,a409
10000000410,12345,a410
10000000411,12345,a411
10000000412,12345,a412
10000000413,12345,a413
10000000414,12345,a414
10000000415,12345,a415
10000000416,12345,a416
10000000417,12345,a417
10000000418,12345,a418
10000000419,12345,a419
10000000420,12345,a420
10000000421,12345,a421
10000000422,12345,a422
10000000423,12345,a423
10000000424,12345,a424
10000000425,12345,a425
10000000426,12345,a426
10000000427,12345,a427
10000000428,12345,a428
10000000429,12345,a429
10000000430,12345,a430
10000000431,12345,a431
10000000432,12345,a432
10000000433,12345,a433
10000000434,12345,a434
10000000435,12345,a435
10000000436,12345,a436
10000000437,12345,a437
10000000438,12345,a438
10000000439,12345,a439
10000000440,12345,a440
10000000441,12345,a441
10000000442,12345,a442
10000000443,12345,a443
10000000444,12345,a444
10000000445,12345,a445
10000000446,12345,a446
10000000447,12345,a447
10000000448,12345,a448
10000000449,12345,a449
10000000450,12345,a450
10000000451,12345,a451
10000000452,12345,a452
10000000453,12345,a453
10000000454,12345,a454
10000000455,12345,a455
10000000456,12345,a456
10000000457,12345,a457
10000000458,12345,a458
10000000459,12345,a459
10000000460,12345,a460
10000000461,12345,a461
10000000462,12345,a462
10000000463,12345,a463
10000000464,12345,a464
10000000465,12345,a465
10000000466,12345,a466
10000000467,12345,a467
10000000468,12345,a468
10000000469,12345,a469
10000000470,12345,a470
10000000471,12345,a471
10000000472,12345,a472
10000000473,12345,a473
10000000474,12345,a474
10000000475,12345,a475
10000000476,12345,a476
10000000477,12345,a477
10000000478,12345,a478
10000000479,12345,a479
10000000480,12345,a480
10000000481,12345,a481
10000000482,12345,a482
10000000483,12345,a483
10000000484,12345,a484
10000000485,12345,a485
10000000486,12345,a486
10000000487,12345,a487
10000000488,12345,a488
10000000489,12345,a489
10000000490,12345,a490
10000000491,12345,a491
10000000492,12345,a492
10000000493,12345,a493
10000000494,12345,a494
10000000495,12345,a495
10000000496,12345,a496
10000000497,12345,a497
10000000498,12345,a498
10000000499,12345,a499
10000000500,12345,a500
10000000501,12345,a501
10000000502,12345,a502
10000000503,12345,a503
10000000504,12345,a504
10000000505,12345,a505
10000000506,12345,a506
10000000507,12345,a507
10000000508,12345,a508
10000000509,12345,a509
10000000510,12345,a510
10000000511,12345,a511
10000000512,12345,a512
10000000513,12345,a513
10000000514,12345,a514
10000000515,12345,a515
10000000516,12345,a516
10000000517,12345,a517
10000000518,12345,a518
10000000519,12345,a519
10000000520,12345,a520
10000000521,12345,a521
10000000522,12345,a522
10000000523,12345,a523
10000000524,12345,a524
10000000525,12345,a525
10000000526,12345,a526
10000000527,12345,a527
10000000528,12345,a528
10000000529,12345,a529
10000000530,12345,a530
10000000531,12345,a531
10000000532,12345,a532
10000000533,12345,a533
10000000534,12345,a534
10000000535,12345,a535
10000000536,12345,a536
10000000537,12345,a537
10000000538,12345,a538
10000000539,12345,a539
10000000540,12345,a540
10000000541,12345,a541
10000000542,12345,a542
10000000543,12345,a543
10000000544,12345,a544
10000000545,12345,a545
10000000546,12345,a546
10000000547,12345,a547
10000000548,12345,a548
10000000549,12345,a549
10000000550,12345,a550
10000000551,12345,a551
10000000552,12345,a552
10000000553,12345,a553
10000000554,12345,a554
10000000555,12345,a555
10000000556,12345,a556
10000000557,12345,a557
10000000558,12345,a558
10000000559,12345,a559
10000000560,12345,a560
10000000561,12345,a561
10000000562,12345,a562
10000000563,12345,a563
10000000564,12345,a564
10000000565,12345,a565
10000000566,12345,a566
10000000567,12345,a567
10000000568,12345,a568
10000000569,12345,a569
10000000570,12345,a570
10000000571,12345,a571
10000000572,12345,a572
10000000573,12345,a573
10000000574,12345,a574
10000000575,12345,a575
10000000576,12345,a576
10000000577,12345,a577
10000000578,12345,a578
10000000579,12345,a579
10000000580,12345,a580
10000000581,12345,a581
10000000582,12345,a582
10000000583,12345,a583
10000000584,12345,a584
10000000585,12345,a585
10000000586,12345,a586
10000000587,12345,a587
10000000588,12345,a588
10000000589,12345,a589
10000000590,12345,a590
10000000591,12345,a591
10000000592,12345,a592
10000000593,12345,a593
10000000594,12345,a594
10000000595,12345,a595
10000000596,12345,a596
10000000597,12345,a597
10000000598,12345,a598
10000000599,12345,a599
10000000600,12345,a600
10000000601,12345,a601
10000000602,12345,a602
10000000603,12345,a603
10000000604,12345,a604
10000000605,12345,a605
10000000606,12345,a606
10000000607,12345,a607
10000000608,12345,a608
10000000609,12345,a609
10000000610,12345,a610
10000000611,12345,a611
10000000612,12345,a612
10000000613,12345,a613
10000000614,12345,a614
10000000615,12345,a615
10000000616,12345,a616
10000000617,12345,a617
10000000618,12345,a618
10000000619,12345,a619
10000000620,12345,a620
10000000621,12345,a621
10000000622,12345,a622
10000000623,12345,a623
10000000624,12345,a624
10000000625,12345,a625
10000000626,12345,a626
10000000627,12345,a627
10000000628,12345,a628
10000000629,12345,a629
10000000630,12345,a630
10000000631,12345,a631
10000000632,12345,a632
10000000633,12345,a633
10000000634,12345,a634
10000000635,12345,a635
10000000636,12345,a636
10000000637,12345,a637
10000000638,12345,a638
10000000639,12345,a639
10000000640,12345,a640
10000000641,12345,a641
10000000642,12345,a642
10000000643,12345,a643
10000000644,12345,a644
10000000645,12345,a645
10000000646,12345,a646
10000000647,12345,a647
10000000648,12345,a648
10000000649,12345,a649
10000000650,12345,a650
10000000651,12345,a651
10000000652,12345,a652
10000000653,12345,a653
10000000654,12345,a654
10000000655,12345,a655
10000000656,12345,a656
10000000657,12345,a657
10000000658,12345,a658
10000000659,12345,a659
10000000660,12345,a660
10000000661,12345,a661
10000000662,12345,a662
10000000663,12345,a663
10000000664,12345,a664
10000000665,12345,a665
10000000666,12345,a666
10000000667,12345,a667
10000000668,12345,a668
10000000669,12345,a669
10000000670,12345,a670
10000000671,12345,a671
10000000672,12345,a672
10000000673,12345,a673
10000000674,12345,a674
10000000675,12345,a675
10000000676,12345,a676
10000000677,12345,a677
10000000678,12345,a678
10000000679,12345,a679
10000000680,12345,a680
10000000681,12345,a681
10000000682,12345,a682
10000000683,12345,a683
10000000684,12345,a684
10000000685,12345,a685
10000000686,12345,a686
10000000687,12345,a687
10000000688,12345,a688
10000000689,12345,a689
10000000690,12345,a690
10000000691,12345,a691
10000000692,12345,a692
10000000693,12345,a693
10000000694,12345,a694
10000000695,12345,a695
10000000696,12345,a696
10000000697,12345,a697
10000000698,12345,a698
10000000699,12345,a699
10000000700,12345,a700
10000000701,12345,a701
10000000702,12345,a702
10000000703,12345,a703
10000000704,12345,a704
10000000705,12345,a705
10000000706,12345,a706
10000000707,12345,a707
10000000708,12345,a708
10000000709,12345,a709
10000000710,12345,a710
10000000711,12345,a711
10000000712,12345,a712
10000000713,12345,a713
10000000714,12345,a714
10000000715,12345,a715
10000000716,12345,a716
10000000717,12345,a717
10000000718,12345,a718
10000000719,12345,a719
10000000720,12345,a720
10000000721,12345,a721
10000000722,12345,a722
10000000723,12345,a723
10000000724,12345,a724
10000000725,12345,a725
10000000726,12345,a726
10000000727,12345,a727
10000000728,12345,a728
10000000729,12345,a729
10000000730,12345,a730
10000000731,12345,a731
10000000732,12345,a732
10000000733,12345,a733
10000000734,12345,a734
10000000735,12345,a735
10000000736,12345,a736
10000000737,12345,a737
10000000738,12345,a738
10000000739,12345,a739
10000000740,12345,a740
10000000741,12345,a741
10000000742,12345,a742
10000000743,12345,a743
10000000744,12345,a744
10000000745,12345,a745
10000000746,12345,a746
10000000747,12345,a747
10000000748,12345,a748
10000000749,12345,a749
10000000750,12345,a750
10000000751,12345,a751
10000000752,12345,a752
10000000753,12345,a753
10000000754,12345,a754
10000000755,12345,a755
10000000756,12345,a756
10000000757,12345,a757
10000000758,12345,a758
10000000759,12345,a759
10000000760,12345,a760
10000000761,12345,a761
10000000762,12345,a762
10000000763,12345,a763
10000000764,12345,a764
10000000765,12345,a765
10000000766,12345,a766
10000000767,12345,a767
10000000768,12345,a768
10000000769,12345,a769
10000000770,12345,a770
10000000771,12345,a771
10000000772,12345,a772
10000000773,12345,a773
10000000774,12345,a774
10000000775,12345,a775
10000000776,12345,a776
10000000777,12345,a777
10000000778,12345,a778
10000000779,12345,a779
10000000780,12345,a780
10000000781,12345,a781
10000000782,12345,a782
10000000783,12345,a783
10000000784,12345,a784
10000000785,12345,a785
10000000786,12345,a786
10000000787,12345,a787
10000000788,12345,a788
10000000789,12345,a789
10000000790,12345,a790
10000000791,12345,a791
10000000792,12345,a792
10000000793,12345,a793
10000000794,12345,a794
10000000795,12345,a795
10000000796,12345,a796
10000000797,12345,a797
10000000798,12345,a798
10000000799,12345,a799
10000000800,12345,a800
10000000801,12345,a801
10000000802,12345,a802
10000000803,12345,a803
10000000804,12345,a804
10000000805,12345,a805
10000000806,12345,a806
10000000807,12345,a807
10000000808,12345,a808
10000000809,12345,a809
10000000810,12345,a810
10000000811,12345,a811
10000000812,12345,a812
10000000813,12345,a813
10000000814,12345,a814
10000000815,12345,a815
10000000816,12345,a816
10000000817,12345,a817
10000000818,12345,a818
10000000819,12345,a819
10000000820,12345,a820
10000000821,12345,a821
10000000822,12345,a822
10000000823,12345,a823
10000000824,12345,a824
10000000825,12345,a825
10000000826,12345,a826
10000000827,12345,a827
10000000828,12345,a828
10000000829,12345,a829
10000000830,12345,a830
10000000831,12345,a831
10000000832,12345,a832
10000000833,12345,a833
10000000834,12345,a834
10000000835,12345,a835
10000000836,12345,a836
10000000837,12345,a837
10000000838,12345,a838
10000000839,12345,a839
10000000840,12345,a840
10000000841,12345,a841
10000000842,12345,a842
10000000843,12345,a843
10000000844,12345,a844
10000000845,12345,a845
10000000846,12345,a846
10000000847,12345,a847
10000000848,12345,a848
10000000849,12345,a849
10000000850,12345,a850
10000000851,12345,a851
10000000852,12345,a852
10000000853,12345,a853
10000000854,12345,a854
10000000855,12345,a855
10000000856,12345,a856
10000000857,12345,a857
10000000858,12345,a858
10000000859,12345,a859
10000000860,12345,a860
10000000861,12345,a861
10000000862,12345,a862
10000000863,12345,a863
10000000864,12345,a864
10000000865,12345,a865
10000000866,12345,a866
10000000867,12345,a867
10000000868,12345,a868
10000000869,12345,a869
10000000870,12345,a870
10000000871,12345,a871
10000000872,12345,a872
10000000873,12345,a873
10000000874,12345,a874
10000000875,12345,a875
10000000876,12345,a876
10000000877,12345,a877
10000000878,12345,a878
10000000879,12345,a879
10000000880,12345,a880
10000000881,12345,a881
10000000882,12345,a882
10000000883,12345,a883
10000000884,12345,a884
10000000885,12345,a885
10000000886,12345,a886
10000000887,12345,a887
10000000888,12345,a888
10000000889,12345,a889
10000000890,12345,a890
10000000891,12345,a891
10000000892,12345,a892
10000000893,12345,a893
10000000894,12345,a894
10000000895,12345,a895
10000000896,12345,a896
10000000897,12345,a897
10000000898,12345,a898
10000000899,12345,a899
10000000900,12345,a900
10000000901,12345,a901
10000000902,12345,a902
10000000903,12345,a903
10000000904,12345,a904
10000000905,12345,a905
10000000906,12345,a906
10000000907,12345,a907
10000000908,12345,a908
10000000909,12345,a909
10000000910,12345,a910
10000000911,12345,a911
10000000912,12345,a912
10000000913,12345,a913
10000000914,12345,a914
10000000915,12345,a915
10000000916,12345,a916
10000000917,12345,a917
10000000918,12345,a918
10000000919,12345,a919
10000000920,12345,a920
10000000921,12345,a921
10000000922,12345,a922
10000000923,12345,a923
10000000924,12345,a924
10000000925,12345,a925
10000000926,12345,a926
10000000927,12345,a927
10000000928,12345,a928
10000000929,12345,a929
10000000930,12345,a930
10000000931,12345,a931
10000000932,12345,a932
10000000933,12345,a933
10000000934,12345,a934
10000000935,12345,a935
10000000936,12345,a936
10000000937,12345,a937
10000000938,12345,a938
10000000939,12345,a939
10000000940,12345,a940
10000000941,12345,a941
10000000942,12345,a942
10000000943,12345,a943
10000000944,12345,a944
10000000945,12345,a945
10000000946,12345,a946
10000000947,12345,a947
10000000948,12345,a948
10000000949,12345,a949
10000000950,12345,a950
10000000951,12345,a951
10000000952,12345,a952
10000000953,12345,a953
10000000954,12345,a954
10000000955,12345,a955
10000000956,12345,a956
10000000957,12345,a957
10000000958,12345,a958
10000000959,12345,a959
10000000960,12345,a960
10000000961,12345,a961
10000000962,12345,a962
10000000963,12345,a963
10000000964,12345,a964
10000000965,12345,a965
10000000966,12345,a966
10000000967,12345,a967
10000000968,12345,a968
10000000969,12345,a969
10000000970,12345,a970
10000000971,12345,a971
10000000972,12345,a972
10000000973,12345,a973
10000000974,12345,a974
10000000975,12345,a975
10000000976,12345,a976
10000000977,12345,a977
10000000978,12345,a978
10000000979,12345,a979
10000000980,12345,a980
10000000981,12345,a981
10000000982,12345,a982
10000000983,12345,a983
10000000984,12345,a984
10000000985,12345,a985
10000000986,12345,a986
10000000987,12345,a987
10000000988,12345,a988
10000000989,12345,a989
10000000990,12345,a990
10000000991,12345,a991
10000000992,12345,a992
10000000993,12345,a993
10000000994,12345,a994
10000000995,12345,a995
10000000996,12345,a996
10000000997,12345,a997
10000000998,12345,a998
10000000999,12345,a999
